"xieta","station","lat","lon","doy","gridcell","xi","eta","month","day","BotDepth","Stratum2","hab_sum","Stratum","MoDay","mday","sampleN","FID_ROMS_r","eta_rho","xi_rho","lat_DD","lon_DD","FID_polygo","AREA","PERIMETER","EBS_BLOCKS","EBS_BLOC_1","EBSGRID_AL","EBSGRID__1","STATION_GR","STATION__1","STATION_ID","subreg"
"100 110","M-24",59.0029813513513,187.561045945946,192.816478978981,19938,100,110,7,11,94.1276746438745,41,129.9654678,41,"7_11",7.11,306,19937,110,100,59.021086,-172.473073,294,1419670000,151343,294,309,310,337,298,284,"M-24","MiddleNW"
"100 117","N-26",59.3301667567568,186.198158108108,199.815578078077,21212,100,117,7,18,107.844587831728,62,129.7749544,62,"7_18",7.18,330,21211,117,100,59.271848,-173.779713,265,1264730000,145206,265,286,287,307,272,259,"N-26","OuterNW"
"100 128","O-29",59.6705597297297,184.12682972973,205.94316816817,23214,100,128,7,24,138.830428688923,61,129.4848087,61,"7_24",7.24,351,23213,128,100,59.641455,-175.867011,219,1365730000,148543,219,263,264,269,246,234,"O-29","OuterNW"
"100 139","P-32",60.0049222857143,182.091488,206.892499999991,25216,100,139,7,25,267.874742217228,61,129.2058405,61,"7_25",7.25,371,25215,139,100,59.980493,-177.994009,177,1425530000,152054,177,239,240,230,223,212,"P-32","OuterNW"
"100 48","E-11",56.3317163888889,198.391446666667,159.328742283943,8654,100,48,6,8,69.167688260519,10,131.6283405,10,"6_8",6.08,94,8653,48,100,56.30838,-161.696657,553,1378790000,148426,553,528,529,625,522,504,"E-11","InnerSE"
"100 55","F-09",56.6690640540541,197.216985675676,161.975563063069,9928,100,55,6,10,73.8549922060745,31,131.4532705,31,"6_10",6.1,113,9927,55,100,56.656233,-162.838842,533,1375170000,148371,533,510,511,602,499,481,"F-09","MiddleSE"
"100 62","G-07",57.00406,195.993258378378,166.323967717711,11202,100,62,6,15,67.7082860851814,31,131.2734919,31,"6_15",6.15,136,11201,62,100,56.994041,-164.000338,508,1426100000,150897,508,488,489,560,473,455,"G-07","MiddleSE"
"100 69","H-05",57.3342791891892,194.764687567568,169.719538288289,12476,100,69,6,18,64.362625153696,31,131.0875759,31,"6_18",6.18,162,12475,69,100,57.321565,-165.181056,472,1.394e+09,149249,472,456,457,517,446,428,"H-05","MiddleSE"
"100 77","I-03",57.6648621621622,193.493938648649,174.022409909915,13932,100,77,6,23,69.3352772356275,31,130.8735014,31,"6_23",6.23,189,13931,77,100,57.682981,-166.55382,436,1387120000,149159,436,421,422,471,416,399,"I-03","MiddleSE"
"100 84","J-01",58.0002762162162,192.196799189189,178.720758258261,15206,100,84,6,27,65.156811618548,41,130.6804101,41,"6_27",6.27,216,15205,84,100,57.987672,-167.775242,395,1467350000,153452,395,394,395,425,386,370,"J-01","MiddleNW"
"100 92","K-19",58.3320981081081,190.882141621622,182.702083333336,16662,100,92,7,1,67.5103582041214,41,130.4595284,41,"7_1",7.01,260,16661,92,100,58.32238,-169.193999,359,1370460000,148349,359,368,369,395,356,341,"K-19","MiddleNW"
"101 107","M-23",59.0025964864865,188.217588918919,190.74878003003,19393,101,107,7,9,87.4747444339546,41,129.9764128,41,"7_9",7.09,305,19392,107,101,59.005145,-171.845783,298,1396140000,150069,298,308,309,338,299,285,"M-23","MiddleNW"
"101 125","O-28",59.66223,184.877743513513,204.414714714714,22669,101,125,7,23,127.530866919665,61,129.4863274,61,"7_23",7.23,350,22668,125,101,59.640235,-175.228489,226,1354130000,148139,226,262,263,270,247,235,"O-28","OuterNW"
"101 135","P-31",60.001407027027,182.778746756757,207.317079579574,24489,101,135,7,26,136.767884673912,61,129.2253901,61,"7_26",7.26,370,24488,135,101,59.958095,-177.155324,183,1396230000,150722,183,238,239,231,224,213,"P-31","OuterNW"
"101 66","H-06",57.3338408108108,195.382943783784,168.548254504498,11931,101,66,6,17,65.0936606454067,31,131.1157478,31,"6_17",6.17,163,11930,66,101,57.273957,-164.586352,478,1332830000,146318,478,457,458,518,447,429,"H-06","MiddleSE"
"101 74","I-04",57.6654410810811,194.119800810811,172.81229354355,13387,101,74,6,21,65.583102425306,31,130.8977205,31,"6_21",6.21,190,13386,74,101,57.64133,-165.95214,440,1380720000,148510,440,422,423,472,417,400,"I-04","MiddleSE"
"101 81","J-02",58.0007527027027,192.830188648649,177.771771771777,14661,101,81,6,26,64.9661618475898,31,130.703476,31,"6_26",6.26,217,14660,81,101,57.951324,-167.167674,401,1402220000,149846,401,393,394,426,387,371,"J-02","MiddleSE"
"101 99","L-21",58.6668313513514,189.564027837838,186.777740240245,17937,101,99,7,5,72.1457617496978,41,130.2002951,41,"7_5",7.05,281,17936,99,101,58.69767,-170.379475,328,1420710000,150966,328,338,339,365,326,311,"L-21","MiddleNW"
"102 104","M-22",58.99704,188.870234054054,189.476238738742,18848,102,104,7,8,77.9095215130774,41,129.9895123,41,"7_8",7.08,304,18847,104,102,58.986483,-171.219059,304,1386040000,148887,304,307,308,339,300,286,"M-22","MiddleNW"
"102 114","N-25",59.3344186486487,186.846985405405,195.836129879887,20668,102,114,7,14,97.3515756004567,43,129.7101695,43,"7_14",7.14,329,20667,114,102,59.357252,-173.077609,274,1076980000,137473,274,285,286,310,273,260,"N-25","MiddleNW"
"102 121","O-27",59.6632705405405,185.54149027027,202.100225225223,21942,102,121,7,21,113.417894287491,62,129.5179016,62,"7_21",7.21,349,21941,121,102,59.60224,-174.399782,235,1234250000,143213,235,261,262,271,248,236,"O-27","OuterNW"
"102 133","P-30",60.0024756756757,183.292818378378,207.109215465469,24126,102,133,7,26,140.143734927743,61,129.1956182,61,"7_26",7.26,369,24125,133,102,59.993668,-176.705339,191,1404760000,150855,191,237,238,232,225,214,"P-30","OuterNW"
"102 45","E-12",56.3355218918919,199.012207567568,158.309759759759,8110,102,45,6,7,49.973913928901,10,131.6152552,10,"6_7",6.07,95,8109,45,102,56.335016,-161.029145,555,1383130000,148879,555,527,528,626,523,505,"E-12","InnerSE"
"102 52","F-10",56.6706051351351,197.816433513514,160.86319444445,9384,102,52,6,9,72.0084626144875,31,131.4358104,31,"6_9",6.09,114,9383,52,102,56.688512,-162.166428,536,1364750000,148130,536,507,508,603,500,482,"F-10","MiddleSE"
"102 59","G-08",57.000137027027,196.607567297297,164.078134384387,10658,102,59,6,13,64.6398712358239,31,131.2520911,31,"6_13",6.13,137,10657,59,102,57.032044,-163.323276,511,1348650000,147044,511,485,486,561,474,456,"G-08","MiddleSE"
"102 89","K-18",58.3357013513513,191.530547027027,180.948761261266,16118,102,89,6,29,64.5864581996178,41,130.4170442,41,"6_29",6.29,259,16117,89,102,58.385751,-168.500446,362,1421210000,150945,362,367,368,396,357,342,"K-18","MiddleNW"
"102 96","L-20",58.6658408108108,190.214720810811,185.33284534535,17392,102,96,7,4,64.8243555649351,41,130.2182687,41,"7_4",7.04,280,17391,96,102,58.67264,-169.758615,334,1378470000,148685,334,337,338,366,327,312,"L-20","MiddleNW"
"103 111","N-24",59.3311840540541,187.499494594595,194.092511261263,20123,103,111,7,13,87.808622720904,43,129.7201248,43,"7_13",7.13,328,20122,111,103,59.343937,-172.444509,278,1261830000,142183,278,284,285,313,274,261,"N-24","MiddleNW"
"103 119","O-26",59.6651335135135,186.132511891892,198.983708708704,21579,103,119,7,17,108.456788741085,62,129.4946768,62,"7_17",7.17,348,21578,119,103,59.629488,-173.951804,246,1006070000,131454,246,260,261,274,249,237,"O-26","OuterNW"
"103 129","P-29",59.9993102702703,184.067264594595,206.054316816811,23399,103,129,7,25,128.861726871422,61,129.2219175,61,"7_25",7.25,368,23398,129,103,59.964007,-175.86734,198,1409140000,150796,198,236,237,233,226,215,"P-29","OuterNW"
"103 49","F-11",56.665287027027,198.416921891892,159.170626876873,8839,103,49,6,8,77.4676773482389,31,131.4679463,31,"6_8",6.08,115,8838,49,103,56.627873,-161.585015,538,1391600000,149006,538,506,507,604,501,483,"F-11","MiddleSE"
"103 56","G-09",57.0011602702703,197.214566216216,161.877759009014,10113,103,56,6,10,60.8817757419246,31,131.2816249,31,"6_10",6.1,138,10112,56,103,56.976407,-162.735245,513,1422550000,151061,513,481,482,562,475,457,"G-09","MiddleSE"
"103 64","H-07",57.3301056756757,196.00161,166.368674924921,11569,103,64,6,15,57.0419700783016,31,131.0641064,31,"6_15",6.15,164,11568,64,103,57.362332,-164.073852,482,1377670000,148787,482,451,452,519,448,430,"H-07","MiddleSE"
"103 71","I-05",57.6696583783784,194.750837297297,169.503378378375,12843,103,71,6,18,57.778338515721,31,130.869516,31,"6_18",6.18,191,12842,71,103,57.688894,-165.266085,445,1385970000,148989,445,423,424,473,418,401,"I-05","MiddleSE"
"103 78","J-03",57.9945027027027,193.479012972973,174.645232732741,14117,103,78,6,23,62.9603296087703,31,130.6681348,31,"6_23",6.23,218,14116,78,103,58.004825,-166.477733,405,1438910000,151757,405,392,393,427,388,372,"J-03","MiddleSE"
"103 86","K-01",58.3330918918919,192.165244594595,177.777271021019,15573,103,86,6,26,58.4197780337181,41,130.4395117,41,"6_26",6.26,245,15572,86,103,58.352566,-167.886015,368,1432910000,151421,368,366,367,397,358,343,"K-01","MiddleNW"
"103 93","L-19",58.663335945946,190.8474,182.605724474475,16847,103,93,7,1,61.6937786181352,41,130.236915,41,"7_1",7.01,279,16846,93,103,58.644919,-169.138601,338,1375430000,148479,338,336,337,367,328,313,"L-19","MiddleNW"
"104 101","M-21",59.0014362162162,189.518788378378,186.649324324325,18304,104,101,7,5,66.527698588702,41,129.9374827,41,"7_5",7.05,303,18303,101,104,59.059573,-170.517,309,1460940000,153319,309,306,307,340,301,287,"M-21","MiddleNW"
"104 108","N-23",59.3356075675676,188.164410810811,191.55418543544,19578,104,108,7,10,80.3297113422297,43,129.7326029,43,"7_10",7.1,327,19577,108,104,59.327877,-171.811899,282,1365840000,147963,282,283,284,314,275,262,"N-23","MiddleNW"
"104 126","P-28",59.999267027027,184.73382027027,204.903472222224,22854,104,126,7,23,119.800601917036,61,129.22297,61,"7_23",7.23,367,22853,126,104,59.962778,-175.223291,203,1395110000,150166,203,235,236,234,227,216,"P-28","OuterNW"
"104 137","Q-31",60.3358383333333,182.618981666667,206.752391975312,24856,104,137,7,25,142.083482183582,61,128.9247908,61,"7_25",7.25,390,24855,137,104,60.310587,-177.363074,163,1358910000,148278,163,214,215,203,204,194,"Q-31","OuterNW"
"104 61","H-08",57.332687027027,196.615854594595,164.255574324322,11024,104,61,6,13,55.3552371458138,10,131.0956265,10,"6_13",6.13,165,11023,61,104,57.309955,-163.479958,487,1300610000,144077,487,452,453,520,449,431,"H-08","InnerSE"
"104 68","I-06",57.6684213513513,195.381894594595,168.56221846847,12298,104,68,6,17,55.4409887647014,10,130.8983731,10,"6_17",6.17,192,12297,68,104,57.641683,-164.665794,451,1354330000,146861,451,424,425,474,419,402,"I-06","InnerSE"
"104 75","J-04",57.9983624324324,194.09784972973,173.175018768767,13572,104,75,6,22,58.1086943117564,10,130.6978887,10,"6_22",6.22,219,13571,75,104,57.962868,-165.871231,410,1410750000,150261,410,390,391,428,389,373,"J-04","InnerSE"
"104 83","K-02",58.3338748648648,192.811043243243,177.160472972979,15028,104,83,6,26,53.7100211678206,20,130.4642077,20,"6_26",6.26,246,15027,83,104,58.316721,-167.27267,372,1350460000,147149,372,365,366,398,359,344,"K-02","InnerNW"
"105 105","N-22",59.3311951351351,188.81824972973,189.977233483478,19033,105,105,7,8,76.0230424746385,41,129.748349,41,"7_8",7.08,326,19032,105,105,59.309075,-171.179869,288,1325030000,146215,288,282,283,315,276,263,"N-22","MiddleNW"
"105 116","O-25",59.6713297297297,186.756082702703,195.756174924934,21035,105,116,7,14,94.1494770413784,43,129.4253547,43,"7_14",7.14,347,21034,116,105,59.715609,-173.243399,252,807806000,125949,252,259,260,277,250,238,"O-25","MiddleNW"
"105 123","P-27",59.999567027027,185.400825945946,201.955123873871,22309,105,123,7,20,106.393408511387,62,129.2262773,62,"7_20",7.2,366,22308,123,105,59.958759,-174.579333,211,1164100000,139375,211,234,235,235,228,217,"P-27","OuterNW"
"105 134","Q-30",60.3358372972973,183.275630810811,206.759797297292,24311,105,134,7,25,132.110236938724,61,128.9207888,61,"7_25",7.25,389,24310,134,105,60.315819,-176.712996,171,1362680000,148638,171,213,214,204,205,195,"Q-30","OuterNW"
"105 46","F-12",56.6669194594595,199.020014054054,158.367942942942,8295,105,46,6,7,68.6310951057238,31,131.453966,31,"6_7",6.07,116,8294,46,105,56.653924,-160.912223,541,1380410000,148743,541,505,506,605,502,484,"F-12","MiddleSE"
"105 54","G-10",57.0063267567568,197.831751351351,160.78042417417,9751,105,54,6,9,58.8726998059337,31,131.2382052,31,"6_9",6.09,139,9750,54,105,57.057926,-162.22267,515,1420500000,150825,515,480,481,563,476,458,"G-10","MiddleSE"
"105 90","L-18",58.6684375675676,191.502805675676,180.8393018018,16303,105,90,6,29,52.3781074157028,20,130.193604,20,"6_29",6.29,278,16302,90,105,58.707948,-168.439175,343,1408120000,150223,343,335,336,368,329,314,"L-18","InnerNW"
"105 98","M-20",59.001397027027,190.165819189189,185.285041291289,17759,105,98,7,4,56.9391540950815,41,129.955668,41,"7_4",7.04,302,17758,98,105,59.035153,-169.89018,314,1431940000,151379,314,305,306,341,302,288,"M-20","MiddleNW"
"106 102","N-21",59.3324456756757,189.461767297297,187.168806306307,18488,106,102,7,6,69.2632393995294,41,129.7651258,41,"7_6",7.06,325,18487,102,106,59.287534,-170.548511,291,1425670000,151272,291,281,282,316,277,264,"N-21","MiddleNW"
"106 113","O-24",59.6661981081081,187.429716486486,194.466178678668,20490,106,113,7,13,81.5600946082847,43,129.4357074,43,"7_13",7.13,346,20489,113,106,59.703014,-172.604195,258,980161000,133739,258,258,259,280,251,239,"O-24","MiddleNW"
"106 120","P-26",60.0008218918919,186.054263243243,199.499774774776,21764,106,120,7,18,99.1918053361052,43,129.2309786,43,"7_18",7.18,365,21763,120,106,59.95195,-173.935562,220,874126000,129741,220,233,234,238,229,218,"P-26","MiddleNW"
"106 131","Q-29",60.3336683783784,183.960717837838,205.937143393393,23766,106,131,7,24,124.358257386919,61,128.9186448,61,"7_24",7.24,388,23765,131,106,60.318237,-176.062783,178,1367340000,148925,178,212,213,205,206,196,"Q-29","OuterNW"
"106 142","R-32",60.6700774285714,181.827835714286,206.101388888889,25768,106,142,7,25,165.205144861942,61,128.6214823,61,"7_25",7.25,412,25767,142,106,60.653393,-178.230884,137,1384300000,149686,137,195,196,182,183,174,"R-32","OuterNW"
"106 51","G-11",56.99616,198.435225135135,159.159421921925,9206,106,51,6,8,67.1363658236502,31,131.2711638,31,"6_8",6.08,140,9205,51,106,56.997564,-161.635874,518,1439500000,151784,518,479,480,564,477,459,"G-11","MiddleSE"
"106 58","H-09",57.3360567567567,197.231103783784,161.745457957958,10480,106,58,6,10,49.6141743615759,10,131.0750121,10,"6_10",6.1,166,10479,58,106,57.345339,-162.797117,490,1394730000,149319,490,450,451,521,450,432,"H-09","InnerSE"
"106 65","I-07",57.6637662162162,196.000802702703,166.445026276281,11754,106,65,6,15,49.7165591417662,10,130.873812,10,"6_15",6.15,193,11753,65,106,57.682893,-163.978352,456,1365640000,148122,456,420,421,475,420,403,"I-07","InnerSE"
"106 72","J-05",58.0069297297297,194.750218648649,169.647804054048,13028,106,72,6,18,49.214146221541,10,130.6658872,10,"6_18",6.18,220,13027,72,106,58.009981,-165.17949,416,1438930000,151736,416,391,392,429,390,374,"J-05","InnerSE"
"106 80","K-03",58.3315686486486,193.445566756757,173.887800300299,14484,106,80,6,22,48.1500028361458,10,130.4283659,10,"6_22",6.22,247,14483,80,106,58.37067,-166.576413,378,1399230000,149588,378,364,365,399,360,345,"K-03","InnerSE"
"106 87","L-01",58.6685443243243,192.131927027027,178.304823573575,15758,106,87,6,27,46.5640015053869,20,130.2173883,20,"6_27",6.27,269,15757,87,106,58.674517,-167.819684,347,1430610000,151573,347,334,335,369,330,315,"L-01","InnerNW"
"106 95","M-19",59.000507027027,190.816106486486,182.471996997005,17214,106,95,7,1,55.0485401014126,41,129.9758704,41,"7_1",7.01,301,17213,95,106,59.008017,-169.264203,317,1406460000,150217,317,304,305,342,303,289,"M-19","MiddleNW"
"107 110","O-23",59.6654445945946,188.098582702703,191.604335585593,19945,107,110,7,10,77.5010422022642,43,129.4480177,43,"7_10",7.1,345,19944,110,107,59.68765,-171.965467,264,1.216e+09,141046,264,257,258,283,252,240,"O-23","MiddleNW"
"107 128","Q-28",60.3333162162162,184.614370810811,204.783933933931,23221,107,128,7,23,113.501258233076,61,128.9203168,61,"7_23",7.23,387,23220,128,107,60.317842,-175.412535,184,1340470000,147197,184,211,212,206,207,197,"Q-28","OuterNW"
"107 139","R-31",60.6682547222222,182.487413333333,206.395794753092,25223,107,139,7,25,150.632625479987,61,128.6126154,61,"7_25",7.25,411,25222,139,107,60.662355,-177.574833,144,1347220000,147898,144,194,195,183,184,175,"R-31","OuterNW"
"107 44","F-13",56.6684913513514,199.634502432432,157.553040540547,7933,107,44,6,6,59.1741762014509,31,131.4140546,31,"6_6",6.06,117,7932,44,107,56.728635,-160.400252,542,1374530000,148440,542,504,505,606,503,485,"F-13","MiddleSE"
"107 62","I-08",57.6628783783784,196.630321891892,164.430611861857,11209,107,62,6,13,49.8528087411828,10,130.9050026,10,"6_13",6.13,194,11208,62,107,57.630135,-163.379809,460,1290860000,143443,460,419,420,476,421,404,"I-08","InnerSE"
"107 69","J-06",58.0027545945946,195.381222432432,168.368205705699,12483,107,69,6,17,48.1652654034126,10,130.6965828,10,"6_17",6.17,221,12482,69,107,57.962424,-164.574423,421,1388350000,149071,421,388,389,430,391,375,"J-06","InnerSE"
"107 77","K-04",58.3300913513514,194.079682702703,172.231756756759,13939,107,77,6,21,44.9564117865562,10,130.4564731,10,"6_21",6.21,248,13938,77,107,58.329167,-165.964125,382,1364250000,147856,382,362,363,400,361,346,"K-04","InnerSE"
"107 84","L-02",58.6676332432432,192.779404864865,177.687650150154,15213,107,84,6,26,44.4824704251104,20,130.2424269,20,"6_26",6.26,270,15212,84,107,58.638405,-167.201305,351,1355090000,147173,351,333,334,370,331,316,"L-02","InnerNW"
"107 92","M-18",59.0019130555555,191.465786944444,180.352970679009,16669,107,92,6,29,46.4516536156282,20,129.9977576,20,"6_29",6.29,300,16668,92,107,58.978171,-168.639157,322,1450640000,152720,322,303,304,343,304,290,"M-18","InnerNW"
"108 107","O-22",59.6671537837838,188.754274054054,189.889977477478,19400,108,107,7,8,73.6893997241256,41,129.4627133,41,"7_8",7.08,344,19399,107,108,59.669521,-171.327308,269,1325770000,145867,269,256,257,284,253,241,"O-22","MiddleNW"
"108 117","P-25",60.0057787878788,186.707180909091,196.816477272716,21220,108,117,7,15,72.4815948209598,43,129.1613171,43,"7_15",7.15,364,21219,117,108,60.037887,-173.220978,228,872874000,129150,228,232,233,241,230,219,"P-25","MiddleNW"
"108 125","Q-27",60.3316389189189,185.286057297297,202.177759009011,22676,108,125,7,21,104.627272405271,62,128.9223685,62,"7_21",7.21,386,22675,125,108,60.314633,-174.76235,190,1252180000,141167,190,210,211,207,208,198,"Q-27","OuterNW"
"108 135","R-30",60.6682651351351,183.192710810811,206.480217717711,24496,108,135,7,25,129.03153323854,61,128.6352733,61,"7_25",7.25,410,24495,135,108,60.637609,-176.720789,151,1364760000,148618,151,193,194,184,185,176,"R-30","OuterNW"
"108 41","F-14",56.6778151351351,200.255774054054,157.111392642642,7388,108,41,6,6,32.4412638254826,10,131.4503841,10,"6_6",6.06,118,7387,41,108,56.660439,-159.821105,545,1295710000,144193,545,503,504,607,504,486,"F-14","InnerSE"
"108 48","G-12",56.9962918918919,199.049702432432,158.675150150144,8662,108,48,6,7,66.9987379833859,31,131.2568257,31,"6_7",6.07,141,8661,48,108,57.023832,-160.956974,519,1408290000,150217,519,478,479,565,478,460,"G-12","MiddleSE"
"108 55","H-10",57.3388343243243,197.850533513514,160.725656906911,9936,108,55,6,9,50.0391681240196,10,131.0563273,10,"6_9",6.09,167,9935,55,108,57.377334,-162.113129,493,1380490000,148907,493,449,450,522,451,433,"H-10","InnerSE"
"108 99","N-20",59.3350808333333,190.131589166667,185.195833333328,17944,108,99,7,4,56.3691640868002,41,129.7105057,41,"7_4",7.04,324,17943,99,108,59.357285,-169.839651,295,1381120000,148811,295,280,281,317,278,265,"N-20","MiddleNW"
"109 104","O-21",59.665624054054,189.417317837838,187.361918168168,18855,109,104,7,6,67.9703293425044,41,129.4797711,41,"7_6",7.06,343,18854,104,109,59.648629,-170.689812,273,1437510000,151969,273,255,256,285,254,242,"O-21","MiddleNW"
"109 114","P-24",59.9964894594595,187.371971891892,194.998967717713,20675,109,114,7,13,63.738148258907,43,129.1696094,43,"7_13",7.13,363,20674,114,109,60.025196,-172.576244,233,902787000,129353,233,231,232,244,231,220,"P-24","MiddleNW"
"109 122","Q-26",60.3352364864865,185.919520540541,199.634140390399,22131,109,122,7,18,86.8613224922451,43,128.927773,43,"7_18",7.18,385,22130,122,109,60.30861,-174.112328,196,1100010000,137597,196,209,210,208,209,199,"Q-26","MiddleNW"
"109 133","R-29",60.6694235135135,183.79915,205.508821321321,24133,109,133,7,24,121.919781345934,61,128.6054645,61,"7_24",7.24,409,24132,133,109,60.671772,-176.262018,158,1368650000,149017,158,192,193,185,186,177,"R-29","OuterNW"
"109 45","G-13",57.0002851351351,199.668692702703,157.484834834823,8117,109,45,6,6,64.8740200789434,31,131.2921675,31,"6_6",6.06,142,8116,45,109,56.958047,-160.372678,523,1414480000,150826,523,477,478,566,479,461,"G-13","MiddleSE"
"109 52","H-11",57.32899,198.46099027027,159.426182432427,9391,109,52,6,8,57.2246297626062,31,131.0900736,31,"6_8",6.08,168,9390,52,109,57.316537,-161.521837,497,1409250000,150071,497,448,449,523,452,434,"H-11","MiddleSE"
"109 59","I-09",57.672242972973,197.248166756757,161.790615615617,10665,109,59,6,10,43.7929804703824,10,130.8833071,10,"6_10",6.1,195,10664,59,109,57.664983,-162.691393,463,1398080000,149886,463,418,419,477,422,405,"I-09","InnerSE"
"109 67","J-07",57.9961294594595,195.988931351351,166.455367867866,12121,109,67,6,15,45.0416942747295,10,130.6398874,10,"6_15",6.15,222,12120,67,109,58.050589,-164.052945,426,1396620000,149668,426,389,390,431,392,376,"J-07","InnerSE"
"109 74","K-05",58.3362821621622,194.714324324324,168.700243993999,13395,109,74,6,17,43.6604907982721,10,130.4250927,10,"6_17",6.17,249,13394,74,109,58.376676,-165.266001,388,1405390000,149772,388,363,364,401,362,347,"K-05","InnerSE"
"109 81","L-03",58.6630554054054,193.431312162162,174.17781531532,14669,109,81,6,23,41.7859115308355,20,130.2038398,20,"6_23",6.23,271,14668,81,109,58.691942,-166.499163,357,1395100000,149503,357,332,333,371,332,317,"L-03","InnerNW"
"109 89","M-01",59.0004188888889,192.111893888889,177.916300154333,16125,109,89,6,26,42.8990607072319,20,129.9521811,20,"6_26",6.26,292,16124,89,109,59.038684,-167.932863,327,1471920000,153248,327,302,303,344,305,291,"M-01","InnerNW"
"109 96","N-19",59.3348786111111,190.762122222222,182.219772376537,17399,109,96,7,1,46.8747871451089,20,129.7319276,20,"7_1",7.01,323,17398,96,109,59.329946,-169.208402,299,1360420000,147568,299,279,280,318,279,266,"N-19","InnerNW"
"110 111","P-23",59.997617027027,188.034473783784,191.751445195207,20130,110,111,7,10,66.972362306942,43,129.1831868,43,"7_10",7.1,362,20129,111,110,60.009716,-171.931998,239,1099940000,138842,239,230,231,247,232,221,"P-23","MiddleNW"
"110 119","Q-25",60.3220740625,186.600500625,196.129448784723,21586,110,119,7,15,64.7789848794982,43,128.936193,43,"7_15",7.15,384,21585,119,110,60.299776,-173.462568,201,1101790000,137747,201,208,209,209,210,200,"Q-25","MiddleNW"
"110 129","R-28",60.6660302702703,184.546782702703,203.917999249251,23406,110,129,7,22,106.837129309904,61,128.6327577,61,"7_22",7.22,408,23405,129,110,60.639647,-175.408863,164,1340410000,146993,164,191,192,186,187,178,"R-28","OuterNW"
"110 56","I-10",57.6705354054054,197.868075675676,160.767530030027,10120,110,56,6,9,46.6933008137114,10,130.9200719,10,"6_9",6.09,196,10119,56,110,57.606697,-162.094954,466,1389020000,149121,466,417,418,478,423,406,"I-10","InnerSE"
"110 64","J-08",57.994222972973,196.629747297297,164.44309309309,11576,110,64,6,13,43.7691152301973,10,130.6734473,10,"6_13",6.13,223,11575,64,110,57.998189,-163.448721,431,1315800000,145427,431,387,388,432,393,377,"J-08","InnerSE"
"110 71","K-06",58.3357789189189,195.361498918919,167.40726351351,12850,110,71,6,16,43.9446037116706,10,130.4545133,10,"6_16",6.16,250,12849,71,110,58.329526,-164.65515,391,1336500000,146453,391,361,362,402,363,348,"K-06","InnerSE"
"110 78","L-04",58.6633543243243,194.069158918919,172.448367117121,14124,110,78,6,21,38.2546420888529,10,130.2338844,10,"6_21",6.21,272,14123,78,110,58.650132,-165.881881,360,1373630000,148255,360,331,332,372,333,318,"L-04","InnerSE"
"110 86","M-02",59.0005113513514,192.765605675676,177.930011261267,15580,110,86,6,26,39.6356242248054,20,129.9782501,20,"6_26",6.26,293,15579,86,110,59.003086,-167.308501,331,1393130000,149527,331,301,302,345,306,292,"M-02","InnerNW"
"110 93","N-18",59.33647,191.435046944444,180.226466049388,16854,110,93,6,29,40.9325985996006,20,129.753255,20,"6_29",6.29,322,16853,93,110,59.299876,-168.578107,303,1422610000,150870,303,278,279,319,280,267,"N-18","InnerNW"
"111 101","O-20",59.6683475,190.079033055556,185.102353395063,18311,111,101,7,4,54.5656369082968,41,129.4212776,41,"7_4",7.04,342,18310,101,111,59.718971,-169.974391,277,1367780000,148132,277,254,255,286,255,243,"O-20","MiddleNW"
"111 108","P-22",59.997247027027,188.697307837838,189.812012012013,19585,111,108,7,8,70.4579892858954,41,129.1992982,41,"7_8",7.08,361,19584,108,111,59.991449,-171.288337,245,1365070000,147882,245,229,230,248,233,222,"P-22","MiddleNW"
"111 126","R-27",60.6670935135135,185.193089189189,202.589264264264,22861,111,126,7,21,95.1148315185069,41,128.6356561,41,"7_21",7.21,407,22860,126,111,60.636413,-174.752947,170,1356920000,148113,170,190,191,187,188,179,"R-27","MiddleNW"
"111 42","G-14",57.0000181081081,200.295618918919,157.250037537529,7573,111,42,6,6,53.2300074840024,10,131.2812766,10,"6_6",6.06,143,7572,42,111,56.978038,-159.693772,525,1352370000,146938,525,476,477,567,480,462,"G-14","InnerSE"
"111 49","H-12",57.3316224324324,199.066388918919,158.777552552546,8847,111,49,6,7,65.2197950431787,31,131.0765264,31,"6_7",6.07,169,8846,49,111,57.342206,-160.837478,499,1352730000,147241,499,447,448,524,453,435,"H-12","MiddleSE"
"111 75","L-05",58.6688010810811,194.696467837838,168.231719219214,13579,111,75,6,17,36.9708382132721,10,130.2664752,10,"6_17",6.17,273,13578,75,111,58.605659,-165.265973,365,1387840000,149174,365,330,331,373,334,319,"L-05","InnerSE"
"112 105","P-21",59.9996413513513,189.371750540541,187.384553303303,19040,112,105,7,6,65.124526783371,41,129.2160083,41,"7_6",7.06,360,19039,105,112,59.970399,-170.645355,249,1480380000,154241,249,228,229,249,234,223,"P-21","MiddleNW"
"112 123","R-26",60.6681051351351,185.87383972973,199.700675675686,22316,112,123,7,18,83.1111080305965,41,128.6430588,41,"7_18",7.18,406,22315,123,112,60.630345,-174.097198,176,1381090000,148823,176,189,190,188,189,180,"R-26","MiddleNW"
"112 47","H-13",57.3348005405405,199.700667567568,157.369087837838,8484,112,47,6,6,61.1087921638386,31,131.0835308,31,"6_6",6.06,170,8483,47,112,57.327877,-160.412803,502,1393180000,149149,502,446,447,525,454,436,"H-13","MiddleSE"
"112 54","I-11",57.6636297297297,198.502184324324,159.574455705695,9758,112,54,6,8,49.4694480032854,10,130.8697621,10,"6_8",6.08,197,9757,54,112,57.685678,-161.572989,470,1410550000,149970,470,416,417,479,424,407,"I-11","InnerSE"
"112 61","J-09",58.0070286486486,197.249629189189,161.70673798799,11032,112,61,6,10,37.8916960948761,10,130.6508544,10,"6_10",6.1,224,11031,61,112,58.03333,-162.753935,434,1452200000,152128,434,386,387,433,394,378,"J-09","InnerSE"
"112 68","K-07",58.3336910810811,195.995509459459,165.938532282293,12306,112,68,6,14,39.7435016113349,10,130.428468,10,"6_14",6.14,251,12305,68,112,58.370581,-163.955592,397,1356540000,147326,397,358,359,403,364,349,"K-07","InnerSE"
"112 83","M-03",58.9973645945946,193.414792972973,174.498855105101,15036,112,83,6,23,31.5972535589428,20,129.9382103,20,"6_23",6.23,294,15035,83,112,59.057076,-166.599816,336,1446550000,152158,336,300,301,346,307,293,"M-03","InnerNW"
"112 90","N-01",59.3306111111111,192.077486388889,177.554610339504,16310,112,90,6,26,39.3724770198746,20,129.7076492,20,"6_26",6.26,315,16309,90,112,59.360017,-167.865731,308,1410280000,150545,308,277,278,320,281,268,"N-01","InnerNW"
"112 98","O-19",59.6669858333333,190.731400277778,182.055362654329,17766,112,98,7,1,45.9823542993826,20,129.4457373,20,"7_1",7.01,341,17765,98,112,59.692232,-169.336963,283,1363390000,147970,283,253,254,287,256,244,"O-19","InnerNW"
"113 113","Q-23",60.33423,187.93284,191.273216966964,20497,113,113,7,10,53.9455811836505,43,128.8739015,43,"7_10",7.1,383,20496,113,113,60.368556,-172.089576,214,1210920000,143383,214,206,207,211,212,202,"Q-23","MiddleNW"
"113 120","R-25",60.6669105405405,186.536905675676,197.750394144149,21771,113,120,7,16,57.524114269107,41,128.6491946,41,"7_16",7.16,405,21770,120,113,60.621443,-173.441719,181,1362420000,148376,181,188,189,189,190,181,"R-25","MiddleNW"
"113 40","G-15",57.0019083783784,200.878404054054,155.983783783784,7211,113,40,6,4,38.3571778437675,10,131.242804,10,"6_4",6.04,144,7210,40,113,57.048075,-159.175554,527,1496750000,155055,527,475,476,568,481,463,"G-15","InnerSE"
"113 58","J-10",57.9998208108108,197.882832972973,160.548123123115,10487,113,58,6,9,40.1161366086275,10,130.6885968,10,"6_9",6.09,225,10486,58,113,57.975353,-162.151835,437,1443460000,151772,437,385,386,434,395,379,"J-10","InnerSE"
"113 65","K-08",58.3318254054054,196.633424054054,164.523911411415,11761,113,65,6,13,36.8140967024432,10,130.4623461,10,"6_13",6.13,252,11760,65,113,58.317796,-163.346556,402,1270220000,142531,402,359,360,404,365,350,"K-08","InnerSE"
"113 72","L-06",58.6695121621622,195.349363783784,166.967980480476,13035,113,72,6,15,36.21890005368,10,130.2349803,10,"6_15",6.15,274,13034,72,113,58.649681,-164.562071,366,1342510000,146357,366,329,330,374,335,320,"L-06","InnerSE"
"113 80","M-04",58.998937027027,194.065122972973,172.339207957958,14491,113,80,6,21,28.774262610811,20,129.9701025,20,"6_21",6.21,295,14490,80,113,59.015731,-165.976539,339,1414840000,150428,339,299,300,347,308,294,"M-04","InnerNW"
"113 87","N-02",59.3300178378378,192.740049189189,177.253866366372,15765,113,87,6,26,32.8342322518988,20,129.7361824,20,"6_26",6.26,316,15764,87,113,59.324153,-167.236151,312,1367900000,147784,312,276,277,321,282,269,"N-02","InnerNW"
"113 95","O-18",59.6670286111111,191.381584444444,179.574556327166,17221,113,95,6,28,37.0110101046025,20,129.4693094,20,"6_28",6.28,340,17220,95,113,59.662738,-168.700489,287,1409330000,150352,287,252,253,288,257,245,"O-18","InnerNW"
"114 102","P-20",60.0013202777778,190.034267222222,185.124305555552,18496,114,102,7,4,54.6590459634468,41,129.1570409,41,"7_4",7.04,359,18495,102,114,60.040436,-169.923663,255,1408510000,150292,255,227,228,250,235,224,"P-20","MiddleNW"
"114 110","Q-22",60.3325310810811,188.650822432432,189.652102102101,19952,114,110,7,8,63.9927100658181,41,128.8907555,41,"7_8",7.08,382,19951,110,114,60.350978,-171.439561,222,1306440000,145198,222,205,206,212,213,203,"Q-22","MiddleNW"
"114 44","H-14",57.3361313513513,200.333072162162,157.190183933931,7940,114,44,6,6,56.6327565803171,10,131.0725656,10,"6_6",6.06,171,7939,44,114,57.348034,-159.727664,504,1309600000,145324,504,445,446,526,455,437,"H-14","InnerSE"
"114 51","I-12",57.6683567567568,199.114796486487,158.98402777777,9214,114,51,6,7,54.4715599690333,31,130.8536119,31,"6_7",6.07,198,9213,51,114,57.711562,-160.882308,473,1352100000,147594,473,415,416,480,425,408,"I-12","MiddleSE"
"114 70","L-07",58.6648705405405,196.000220810811,165.530574324321,12672,114,70,6,14,34.5315402213907,10,130.2357589,10,"6_14",6.14,275,12671,70,114,58.646825,-164.122193,371,1354630000,147229,371,327,328,375,336,321,"L-07","InnerSE"
"114 77","M-05",59.0071105405406,194.699290810811,168.056306306295,13946,114,77,6,17,27.4817627481154,10,130.0019822,10,"6_17",6.17,296,13945,77,114,58.971699,-165.35465,341,1424880000,151046,341,298,299,348,309,295,"M-05","InnerSE"
"114 84","N-03",59.334572972973,193.396071081081,173.937819069069,15220,114,84,6,22,28.1107068329157,20,129.766215,20,"6_22",6.22,317,15219,84,114,59.285572,-166.607804,316,1390840000,149282,316,275,276,322,283,270,"N-03","InnerNW"
"115 106","Q-21",60.328164054054,189.34751,188.193618618616,19225,115,106,7,7,57.6411308218754,41,128.9418141,41,"7_7",7.07,381,19224,106,115,60.29181,-170.600123,225,1437530000,151785,225,204,205,213,214,204,"Q-21","MiddleNW"
"115 117","R-24",60.6681447222222,187.235644166667,196.381732253093,21227,115,117,7,15,49.4674543283495,41,128.5738035,41,"7_15",7.15,404,21226,117,115,60.704778,-172.712891,187,1378770000,148830,187,187,188,190,191,182,"R-24","MiddleNW"
"115 125","S-26",60.9980763888889,185.827991111111,201.151813271607,22683,115,125,7,20,81.0683285578932,41,128.3154222,41,"7_20",7.2,424,22682,125,115,60.985955,-174.278871,156,1414530000,150998,156,169,170,168,169,161,"S-26","MiddleNW"
"115 48","I-13",57.6709397222222,199.734265277778,157.593885030859,8669,115,48,6,6,54.7684818004712,31,130.8954333,31,"6_6",6.06,199,8668,48,115,57.645542,-160.288053,476,1381970000,148837,476,414,415,481,426,409,"I-13","MiddleSE"
"115 55","J-11",57.99137,198.515551891892,159.652796546542,9943,115,55,6,8,46.7770782142733,10,130.6713094,10,"6_8",6.08,226,9942,55,115,58.004075,-161.456458,441,1439140000,152108,441,384,385,435,396,380,"J-11","InnerSE"
"115 62","K-09",58.332827027027,197.285433243243,161.531024774776,11217,115,62,6,10,31.7536945952618,10,130.4401889,10,"6_10",6.1,253,11216,62,115,58.352388,-162.645999,404,1409480000,150609,404,360,361,405,366,351,"K-09","InnerSE"
"115 92","O-01",59.6655475,192.0548575,177.077816358027,16677,115,92,6,26,33.7391183377846,20,129.4190926,20,"6_26",6.26,336,16676,92,115,59.723391,-167.981419,290,1418780000,150697,290,251,252,289,258,246,"O-01","InnerNW"
"115 99","P-19",59.9973019444444,190.682455555556,181.953510802482,17951,115,99,6,30,45.4911196939697,20,129.1804191,20,"6_30",6.3,358,17950,99,115,60.013494,-169.280765,261,1410320000,150337,261,226,227,251,236,225,"P-19","InnerNW"
"116 104","Q-20",60.3272977777778,189.983119444444,185.049710648147,18862,116,104,7,4,54.3084628668356,20,128.9270623,20,"7_4",7.04,380,18861,104,116,60.307404,-170.141638,231,1376620000,148426,231,203,204,214,215,205,"Q-20","InnerNW"
"116 114","R-23",60.6608232432433,187.883925405405,193.406081081082,20682,116,114,7,12,60.3909089776544,41,128.5891101,41,"7_12",7.12,403,20681,114,116,60.689898,-172.056577,193,1354250000,147568,193,186,187,191,192,183,"R-23","MiddleNW"
"116 121","S-25",60.9981513888889,186.512084722222,198.831462191347,21956,116,121,7,17,71.794500181976,41,128.3537945,41,"7_17",7.17,423,21955,121,116,60.942734,-173.420499,161,1410240000,150550,161,168,169,169,170,162,"S-25","MiddleNW"
"116 41","H-15",57.3309510810811,200.932055135135,156.012331081079,7396,116,41,6,5,45.0615362175379,10,131.0619101,10,"6_5",6.05,172,7395,41,116,57.364784,-159.041896,506,1422270000,151158,506,444,445,527,456,438,"H-15","InnerSE"
"116 52","J-12",57.9964808333333,199.150441111111,159.035570987649,9398,116,52,6,8,48.7364532882691,10,130.7103803,10,"6_8",6.08,227,9397,52,116,57.940544,-160.856843,444,1409530000,150267,444,383,384,436,397,381,"J-12","InnerSE"
"116 59","K-10",58.3215145945946,197.950726486487,160.359121621624,10672,116,59,6,9,39.6107079562802,10,130.4792456,10,"6_9",6.09,254,10671,59,116,58.293987,-162.039152,408,1404820000,149557,408,357,358,406,367,352,"K-10","InnerSE"
"116 67","L-08",58.6620745945946,196.649703243243,163.938213213215,12128,116,67,6,12,29.7245732382371,10,130.2090445,10,"6_12",6.12,276,12127,67,116,58.685201,-163.416375,373,1256030000,142036,373,328,329,376,337,322,"L-08","InnerSE"
"116 74","M-06",58.9961208108108,195.344402432432,166.770589339339,13402,116,74,6,15,24.7239407589028,10,129.9684696,10,"6_15",6.15,297,13401,74,116,59.016095,-164.644125,345,1371410000,148181,345,297,298,349,310,296,"M-06","InnerSE"
"116 81","N-04",59.3297635135135,194.049803513514,172.224699699704,14676,116,81,6,21,22.8239845333008,20,129.7257331,20,"6_21",6.21,318,14675,81,116,59.336067,-165.892915,319,1371150000,148104,319,274,275,323,284,271,"N-04","InnerNW"
"116 89","O-02",59.6566637837838,192.720305675676,176.816385135146,16132,116,89,6,25,27.525352299374,20,129.4495973,20,"6_25",6.25,337,16131,89,116,59.688053,-167.345636,293,1368550000,148014,293,250,251,290,259,247,"O-02","InnerNW"
"116 96","P-18",59.9998730555556,191.347845833333,179.45960648148,17406,116,96,6,28,38.3890084713869,20,129.2053599,20,"6_28",6.28,357,17405,96,116,59.983777,-168.638847,268,1451790000,152364,268,225,226,252,237,226,"P-18","InnerNW"
"117 111","R-22",60.6617858333333,188.566664166667,192.612750771601,20137,117,111,7,11,62.3318676708749,41,128.603377,41,"7_11",7.11,402,20136,111,117,60.672186,-171.400851,200,1309450000,145018,200,185,186,192,193,184,"R-22","MiddleNW"
"117 38","H-16",57.3276054054054,201.583701621622,155.411186186185,6851,117,38,6,4,20.3636504345046,10,131.107552,10,"6_4",6.04,173,6850,38,117,57.290883,-158.456031,509,1414920000,150853,509,443,444,528,457,439,"H-16","InnerSE"
"117 45","I-14",57.6685045945946,200.36562972973,157.147072072065,8125,117,45,6,6,46.8985788647976,10,130.8825286,10,"6_6",6.06,200,8124,45,117,57.665052,-159.597391,479,1319580000,145564,479,413,414,482,427,410,"I-14","InnerSE"
"117 56","K-11",58.2505743243243,198.500677027027,159.71875,10127,117,56,6,8,39.5426861483573,10,130.5213197,10,"6_8",6.08,255,10126,56,117,58.232983,-161.434155,412,1407470000,150329,412,356,357,407,368,353,"K-11","InnerSE"
"117 64","L-09",58.6514518918919,197.30346,161.880780780779,11583,117,64,6,10,29.2373870620237,10,130.2484837,10,"6_10",6.1,277,11582,64,117,58.630139,-162.803162,377,1426160000,151030,377,326,327,377,338,323,"L-09","InnerSE"
"117 71","M-07",58.9977481081081,196.002127837838,165.33106231231,12857,117,71,6,14,26.3711206342361,10,130.0058312,10,"6_14",6.14,298,12856,71,117,58.966337,-164.023906,350,1393180000,149327,350,295,296,350,311,297,"M-07","InnerSE"
"117 78","N-05",59.3298155555556,194.692639444444,167.550964506181,14131,117,78,6,16,20.8478839624402,20,129.7607083,20,"6_16",6.16,319,14130,78,117,59.291707,-165.265885,323,1385120000,148700,323,273,274,324,285,272,"N-05","InnerNW"
"117 86","O-03",59.6592959459459,193.373894324324,173.552515015016,15587,117,86,6,22,25.7371539469802,20,129.4780096,20,"6_22",6.22,338,15586,86,117,59.649975,-166.711095,297,1379820000,148548,297,249,250,291,260,248,"O-03","InnerNW"
"117 93","P-01",59.9990077777778,192.012111944444,177.786998456797,16861,117,93,6,26,28.458996350701,20,129.233425,20,"6_26",6.26,356,16860,93,117,59.951292,-167.998,271,1453050000,152544,271,224,225,253,238,227,"P-01","InnerNW"
"118 100","Q-19",60.3276994444444,190.679993611111,181.979745370375,18136,118,100,6,30,42.4908647823467,20,128.9048452,20,"6_30",6.3,379,18135,100,118,60.334389,-169.223589,238,1362600000,147955,238,202,203,215,216,206,"Q-19","InnerNW"
"118 118","S-24",60.9965752777778,187.195373333333,197.185108024688,21412,118,118,7,16,65.4842773012032,41,128.2777249,41,"7_16",7.16,422,21411,118,118,61.025853,-172.685133,166,1417150000,151131,166,167,168,170,171,163,"S-24","MiddleNW"
"118 49","J-13",58.0030371052631,199.787171842105,157.304221491241,8854,118,49,6,6,46.6529733046227,10,130.6981164,10,"6_6",6.06,228,8853,49,118,57.962849,-160.161298,448,1417090000,151028,448,382,383,437,398,382,"J-13","InnerSE"
"119 116","S-23",60.9960905555556,187.851646111111,193.931558641974,21049,119,116,7,12,66.419931403715,41,128.2570865,41,"7_12",7.12,421,21048,116,119,61.047735,-172.21836,173,1388560000,149361,173,166,167,171,172,164,"S-23","MiddleNW"
"119 42","I-15",57.6653472972973,200.979315675676,156.076313813818,7581,119,42,6,5,42.2170630134032,10,130.8747906,10,"6_5",6.05,201,7580,42,119,57.681128,-158.906112,481,1414540000,150630,481,412,413,483,428,411,"I-15","InnerSE"
"119 53","K-12",58.3040789189189,199.23117027027,159.203547297304,9583,119,53,6,8,30.0526657330388,10,130.5032894,10,"6_8",6.08,256,9582,53,119,58.25812,-160.733741,415,1363740000,147702,415,355,356,408,369,354,"K-12","InnerSE"
"119 68","M-08",58.9858986111111,196.651463888889,163.978260030857,12313,119,68,6,12,19.67338505361,10,129.9770585,10,"6_12",6.12,299,12312,68,119,59.004178,-163.312113,352,1286670000,144015,352,296,297,351,312,298,"M-08","InnerSE"
"119 75","N-06",59.3285505405405,195.351296756757,166.496790540546,13587,119,75,6,15,21.2667473643501,10,129.7267665,10,"6_15",6.15,320,13586,75,119,59.335609,-164.549273,325,1341070000,146393,325,271,272,325,286,273,"N-06","InnerSE"
"119 83","O-04",59.6359397297297,194.04871027027,172.015521771772,15043,119,83,6,21,19.0721180635842,20,129.4372306,20,"6_21",6.21,339,15042,83,119,59.700901,-165.989406,300,1367780000,148009,300,248,249,292,261,249,"O-04","InnerNW"
"119 98","Q-18",60.3274711111111,191.329805277778,179.454783950615,17773,119,98,6,28,37.8317363440937,20,128.8933708,20,"6_28",6.28,378,17772,98,119,60.345775,-168.764094,244,1401330000,149854,244,201,202,216,217,207,"Q-18","InnerNW"
"120 112","S-22",60.9878238888889,188.521726388889,193.102662037039,20322,120,112,7,12,53.4633933720477,41,128.3085674,41,"7_12",7.12,420,20321,112,120,60.99301,-171.361453,179,1352400000,147368,179,165,166,172,173,165,"S-22","MiddleNW"
"120 39","I-16",57.6558286486487,201.641411621622,155.549099099096,7036,120,39,6,4,28.8264297281466,10,130.9179993,10,"6_4",6.04,202,7035,39,120,57.606696,-158.315856,483,1401940000,150165,483,411,412,484,429,412,"I-16","InnerSE"
"120 47","J-14",58.0067159459459,200.393607837838,157.132713963964,8492,120,47,6,6,36.4691952795584,10,130.6519371,10,"6_6",6.06,229,8491,47,120,58.034466,-159.63097,450,1371930000,147874,450,381,382,438,399,383,"J-14","InnerSE"
"120 73","N-07",59.324872972973,195.99740972973,165.143355855857,13224,120,73,6,14,20.5005784445889,10,129.7287669,10,"6_14",6.14,321,13223,73,120,59.332707,-164.101454,330,1336610000,146401,330,272,273,326,287,274,"N-07","InnerSE"
"120 94","Q-01",60.3287611111111,192.0282025,178.019965277775,17046,120,94,6,27,30.0613420974677,20,128.9595604,20,"6_27",6.27,376,17045,94,120,60.271714,-167.929777,248,1400570000,149867,248,200,201,217,218,208,"Q-01","InnerNW"
"121 44","J-15",57.9928994444445,201.037041388889,156.31813271604,7947,121,44,6,5,34.7228022500731,10,130.6969025,10,"6_5",6.05,230,7946,44,121,57.963164,-159.034071,454,1440130000,152420,454,380,381,439,400,384,"J-15","InnerSE"
"121 50","K-13",58.2766708571428,199.969314857143,157.351428571437,9039,121,50,6,6,28.1394376042302,10,130.4906737,10,"6_6",6.06,257,9038,50,121,58.279781,-160.032489,419,1378230000,148745,419,354,355,409,370,355,"K-13","InnerSE"
"122 91","Q-02",60.3338378787879,192.70473,178.25336700336,16502,122,91,6,27,25.2214622695727,20,128.909669,20,"6_27",6.27,377,16501,91,122,60.328458,-167.197643,254,1364070000,147688,254,199,200,218,219,209,"Q-02","InnerNW"
"123 41","J-16",57.9932230555556,201.679731111111,156.009355709878,7403,123,41,6,5,31.2209689733208,10,130.6873989,10,"6_5",6.05,231,7402,41,123,57.976418,-158.337386,455,1431210000,151686,455,379,380,440,401,385,"J-16","InnerSE"
"123 48","K-14",58.331862972973,200.44998,157.076426426424,8677,123,48,6,6,21.6304279930103,10,130.4415244,10,"6_6",6.06,258,8676,48,123,58.350845,-159.497627,422,1334390000,146050,422,353,354,410,371,356,"K-14","InnerSE"
"76 68","A-02",55.0020489189189,193.063920810811,177.277909159157,12270,76,68,6,26,214.546201126283,50,132.1634275,50,"6_26",6.26,1,12269,68,76,55.054752,-166.957828,581,1367770000,147979,581,581,582,663,560,541,"A-02","OuterSE"
"77 57","Z-05",54.6854163888889,194.855368055556,169.635204475315,10269,77,57,6,18,92.2612213011911,31,132.3052411,31,"6_18",6.18,511,10268,57,77,54.650295,-165.106857,589,1387460000,149014,589,588,589,670,567,548,"Z-05","MiddleSE"
"77 65","A-03",55.0049421621622,193.66451972973,173.902271021019,11725,77,65,6,22,159.452616211092,50,132.1787331,50,"6_22",6.22,2,11724,65,77,55.014722,-166.392904,583,1443590000,151926,583,582,583,664,561,542,"A-03","OuterSE"
"77 72","B-01",55.3418872222222,192.452409722222,179.104822530854,12999,77,72,6,28,385.850724708246,50,132.0617661,50,"6_28",6.28,20,12998,72,77,55.322817,-167.53605,571,1452960000,152559,571,572,573,655,552,533,"B-01","OuterSE"
"78 102","F-25",56.6718954054054,187.436905675676,197.764226726728,18460,78,102,7,16,892.63258770674,61,131.4723727,61,"7_16",7.16,126,18459,102,78,56.62023,-172.552209,453,1378810000,148662,453,524,525,578,483,465,"F-25","OuterNW"
"78 62","A-04",54.9982021621622,194.248212162162,172.371302552546,11180,78,62,6,21,157.111534231688,50,132.1931247,50,"6_21",6.21,3,11179,62,78,54.972235,-165.829071,584,1381180000,148872,584,583,584,665,562,543,"A-04","OuterSE"
"78 69","B-02",55.3306224324324,193.030186486487,177.747991741739,12454,78,69,6,26,159.566865053675,50,132.0755793,50,"6_26",6.26,21,12453,69,78,55.285311,-166.967007,573,1329110000,146005,573,573,574,656,553,534,"B-02","OuterSE"
"79 77","C-18",55.6720727027027,191.813292432432,184.887800300308,13911,79,77,7,3,479.663794154056,50,131.8945231,50,"7_3",7.03,52,13910,77,79,55.724541,-168.212771,556,1434650000,151838,556,565,566,644,541,523,"C-18","OuterSE"
"79 92","E-22",56.3380078378378,189.323821621622,189.234534534544,16641,79,92,7,8,789.831715035189,61,131.6136129,61,"7_8",7.08,100,16640,92,79,56.336203,-170.751681,500,1381440000,148849,500,543,544,610,507,489,"E-22","OuterNW"
"80 107","G-26",57.0032154054054,186.750129189189,199.483445945945,19372,80,107,7,18,814.119437317099,61,131.2724234,61,"7_18",7.18,153,19371,107,80,56.994133,-173.29827,413,1423230000,151322,413,498,499,537,458,440,"G-26","OuterNW"
"80 59","A-05",54.9969721621622,194.847651081081,169.569951201201,10636,80,59,6,18,106.122478072014,50,132.1773951,50,"6_18",6.18,4,10635,59,80,55.019545,-165.18591,585,1443700000,151900,585,585,586,666,563,544,"A-05","OuterSE"
"80 66","B-03",55.3366432432432,193.650530810811,173.649680930935,11910,80,66,6,22,129.594111805722,50,132.0554737,50,"6_22",6.22,22,11909,66,80,55.338223,-166.320394,575,1399390000,149818,575,575,576,657,554,535,"B-03","OuterSE"
"80 74","C-01",55.6662548648649,192.416167837838,179.778378378383,13366,80,74,6,28,230.026239431843,50,131.9098757,50,"6_28",6.28,43,13365,74,80,55.689992,-167.637678,559,1453300000,152681,559,562,563,645,542,524,"C-01","OuterSE"
"80 89","E-21",56.3395010810811,189.937854864865,187.385022522523,16096,80,89,7,6,517.388746832775,50,131.6248045,50,"7_6",7.06,99,16095,89,80,56.312732,-170.16621,507,1383720000,149056,507,542,543,611,508,490,"E-21","OuterSE"
"80 99","F-24",56.6685297297297,188.042358918919,196.024793543548,17916,80,99,7,15,655.442195514715,61,131.4292224,61,"7_15",7.15,125,17915,99,80,56.700361,-171.893371,461,1377680000,149139,461,523,524,579,484,466,"F-24","OuterNW"
"81 104","G-25",56.9959948648648,187.350013243243,197.836017267269,18827,81,104,7,16,350.06095748039,61,131.2788834,61,"7_16",7.16,152,18826,104,81,56.981779,-172.7021,423,1407450000,151062,423,497,498,538,459,441,"G-25","OuterNW"
"81 63","B-04",55.3326381081081,194.216477027027,172.264564564565,11365,81,63,6,21,119.454892208467,50,132.0720428,50,"6_21",6.21,23,11364,63,81,55.295433,-165.752332,577,1360180000,147315,577,576,577,658,555,536,"B-04","OuterSE"
"81 71","C-02",55.6680448648649,193.016310810811,177.743524774774,12821,81,71,6,26,136.796812991213,50,131.9257995,50,"6_26",6.26,44,12820,71,81,55.65294,-167.063566,561,1336140000,146149,561,563,564,646,543,525,"C-02","OuterSE"
"81 78","D-18",56.0001389189189,191.778457837838,183.633145645654,14095,81,78,7,2,295.352266405452,50,131.7924788,50,"7_2",7.02,77,14094,78,81,55.954721,-168.229032,539,1483370000,154005,539,552,553,632,529,511,"D-18","OuterSE"
"81 96","F-23",56.6694802777778,188.648919166667,193.536709104936,17371,81,96,7,12,497.151566814849,61,131.4394639,61,"7_12",7.12,124,17370,96,81,56.681876,-171.302064,467,1337050000,146880,467,522,523,580,485,467,"F-23","OuterNW"
"82 101","G-24",57.0006263888889,187.97303,195.710725308642,18282,82,101,7,14,250.105368276143,61,131.2880856,61,"7_14",7.14,151,18281,101,82,56.966823,-172.106333,432,1425390000,151298,432,496,497,539,460,442,"G-24","OuterNW"
"82 56","A-06",55.0283824137931,195.41949,166.452681992343,10092,82,56,6,15,58.8642825823282,31,132.1603916,31,"6_15",6.15,5,10091,56,82,55.063658,-164.54137,586,1380640000,148654,586,584,585,667,564,545,"A-06","MiddleSE"
"82 86","E-20",56.3711852777778,190.535059722222,185.873437500006,15552,82,86,7,4,341.209982083388,50,131.5900718,50,"7_4",7.04,98,15551,86,82,56.381258,-169.508078,512,1371160000,148687,512,541,542,612,509,491,"E-20","OuterSE"
"82 93","F-22",56.6668148648649,189.268569189189,188.885829579582,16826,82,93,7,7,280.412606238778,61,131.4498822,61,"7_7",7.07,123,16825,93,82,56.66081,-170.711328,474,1226650000,144232,474,521,522,581,486,468,"F-22","OuterNW"
"83 108","H-26",57.336332972973,186.671940540541,199.753190690689,19557,83,108,7,18,403.087409933143,61,131.0891916,61,"7_18",7.18,182,19556,108,83,57.318857,-173.277815,384,1372410000,148864,384,467,468,496,433,415,"H-26","OuterNW"
"83 60","B-05",55.3303702702703,194.831380810811,169.91293168168,10821,83,60,6,18,108.556911535062,50,132.0540389,50,"6_18",6.18,24,10820,60,83,55.342327,-165.104177,578,1385290000,149153,578,579,580,659,556,537,"B-05","OuterSE"
"83 68","C-03",55.6692916216216,193.615048648649,173.696996997,12277,83,68,6,22,125.681100162548,50,131.9022934,50,"6_22",6.22,45,12276,68,83,55.706284,-166.411404,564,1403920000,149803,564,564,565,647,544,526,"C-03","OuterSE"
"83 75","D-01",56.0051462162162,192.38451,179.286974474476,13551,83,75,6,28,136.276199962283,50,131.7667208,50,"6_28",6.28,67,13550,75,83,56.013777,-167.573669,544,1490380000,154689,544,548,549,633,530,512,"D-01","OuterSE"
"83 83","E-19",56.3371405405405,191.130951081081,185.552308558559,15007,83,83,7,4,388.800271971419,50,131.6063339,50,"7_4",7.04,97,15006,83,83,56.352368,-168.922795,516,1365440000,147665,516,540,541,613,510,492,"E-19","OuterSE"
"83 90","F-21",56.66651,189.878853243243,186.961899399396,16281,83,90,7,5,168.017082116264,42,131.4625986,42,"7_5",7.05,122,16280,90,83,56.637169,-170.121238,484,1098750000,139201,484,520,521,584,487,469,"F-21","MiddleNW"
"84 106","H-25",57.3396516216216,187.232186486486,197.79688438439,19194,84,106,7,16,182.281078233662,61,131.0771385,61,"7_16",7.16,181,19193,106,84,57.342874,-172.854688,394,1373670000,148914,394,466,467,497,434,416,"H-25","OuterNW"
"84 57","B-06",55.3397351351351,195.432286486486,168.421884384381,10276,84,57,6,17,95.564160724129,31,132.0710509,31,"6_17",6.17,25,10275,57,84,55.294262,-164.5374,579,1343100000,146466,579,580,581,660,557,538,"B-06","MiddleSE"
"84 65","C-04",55.6673767567567,194.200144324324,172.225525525524,11732,84,65,6,21,118.789957680807,50,131.9200917,50,"6_21",6.21,46,11731,65,84,55.663904,-165.838266,566,1365110000,147935,566,566,567,648,545,527,"C-04","OuterSE"
"84 72","D-02",56.0077318918919,192.993547837838,176.349192942943,13006,84,72,6,25,133.462115111181,50,131.7826543,50,"6_25",6.25,68,13005,72,84,55.976458,-166.995153,547,1375330000,148563,547,549,550,634,531,513,"D-02","OuterSE"
"84 80","E-18",56.3334397297297,191.758227567568,183.194913663672,14462,84,80,7,2,193.420984819117,50,131.6219075,50,"7_2",7.02,96,14461,80,84,56.320929,-168.338367,520,1435930000,151953,520,537,538,614,511,493,"E-18","OuterSE"
"84 98","G-23",56.9999410810811,188.601929459459,193.422860360355,17738,84,98,7,12,169.101130728638,61,131.2446428,61,"7_12",7.12,150,17737,98,84,57.044709,-171.441004,438,1391250000,149448,438,495,496,540,461,443,"G-23","OuterNW"
"85 102","H-24",57.335,187.902767027027,195.164939939935,18467,85,102,7,14,111.697509497667,61,131.1060488,61,"7_14",7.14,180,18466,102,85,57.291347,-172.076272,403,1384790000,149270,403,465,466,498,435,417,"H-24","OuterNW"
"85 87","F-20",56.6715222222222,190.495543888889,185.205478395061,15737,85,87,7,4,88.9328828477403,32,131.4266931,32,"7_4",7.04,121,15736,87,85,56.705417,-169.457807,489,1099620000,138601,489,519,520,587,488,470,"F-20","MiddleSE"
"85 95","G-22",56.9994362162162,189.218368648649,189.324624624622,17193,85,95,7,8,107.117941826032,42,131.2568028,42,"7_8",7.08,149,17192,95,85,57.024255,-170.844903,446,1169220000,139236,446,494,495,541,462,444,"G-22","MiddleNW"
"86 110","I-26",57.6711340540541,186.608024324324,199.056193693695,19924,86,110,7,18,382.394552055051,61,130.8740752,61,"7_18",7.18,211,19923,110,86,57.679016,-173.436907,361,1376980000,149104,361,435,436,452,405,388,"I-26","OuterNW"
"86 55","B-07",55.3375402702703,195.988888378378,165.080743243241,9914,86,55,6,14,83.6169686256911,31,132.0372082,31,"6_14",6.14,26,9913,55,86,55.382842,-164.04884,580,1398990000,149715,580,577,578,661,558,539,"B-07","MiddleSE"
"86 62","C-05",55.6648681081081,194.822073513513,169.914827327335,11188,86,62,6,18,106.451573934142,31,131.9016791,31,"6_18",6.18,47,11187,62,86,55.711181,-165.18451,569,1381700000,148692,569,568,569,649,546,528,"C-05","MiddleSE"
"86 69","D-03",56.0010297222222,193.599871111111,173.828105709878,12462,86,69,6,22,118.840615812713,50,131.7591857,50,"6_22",6.22,69,12461,69,86,56.02942,-166.337833,549,1440800000,151868,549,550,551,635,532,514,"D-03","OuterSE"
"86 77","E-01",56.3355375675676,192.350031621622,179.622222222221,13918,86,77,6,28,126.267461809767,50,131.5922803,50,"6_28",6.28,84,13917,77,86,56.380469,-167.677335,526,1454030000,152557,526,532,533,615,512,494,"E-01","OuterSE"
"86 84","F-19",56.6686967567568,191.093332162162,184.44192942943,15192,86,84,7,3,137.106133179815,32,131.4425449,32,"7_3",7.03,120,15191,84,86,56.676317,-168.867922,496,1147570000,137004,496,518,519,590,489,471,"F-19","MiddleSE"
"86 92","G-21",56.9983908108108,189.827807297297,186.412049549553,16648,86,92,7,5,67.2472549495349,42,131.2693119,42,"7_5",7.05,148,16647,92,86,57.001202,-170.249441,457,838465000,129755,457,493,494,544,463,445,"G-21","MiddleNW"
"87 107","I-25",57.6692316666667,187.204058055556,196.943306327157,19379,87,107,7,15,133.00596823943,61,130.8814892,61,"7_15",7.15,210,19378,107,87,57.667263,-172.830439,367,1384420000,148950,367,434,435,453,406,389,"I-25","OuterNW"
"87 52","B-08",55.3454197222222,196.582956666667,163.274575617278,9369,87,52,6,12,51.7648501561377,31,132.0583186,31,"6_12",6.12,27,9368,52,87,55.330213,-163.482806,582,1370510000,147654,582,578,579,662,559,540,"B-08","MiddleSE"
"87 59","C-06",55.6621027027027,195.408460540541,168.523761261264,10643,87,59,6,17,97.354987144576,31,131.9220093,31,"6_17",6.17,48,10642,59,87,55.663483,-164.612659,570,1346740000,147124,570,571,572,650,547,529,"C-06","MiddleSE"
"87 66","D-04",56.0015883783784,194.211946216216,172.144425675669,11917,87,66,6,21,108.414560951202,31,131.7795638,31,"6_21",6.21,70,11916,66,87,55.986736,-165.760324,552,1411440000,150159,552,553,554,636,533,515,"D-04","MiddleSE"
"87 74","E-02",56.3317862162162,192.964534864865,176.640409159156,13373,87,74,6,25,115.05860296454,50,131.6104435,50,"6_25",6.25,85,13372,74,87,56.343615,-167.093579,530,1345770000,146802,530,530,531,616,513,495,"E-02","OuterSE"
"87 81","F-18",56.6628027027027,191.709804324324,183.29782282282,14647,87,81,7,2,113.698999799862,50,131.4589378,50,"7_2",7.02,119,14646,81,87,56.64465,-168.278912,501,1302520000,145563,501,517,518,593,490,472,"F-18","OuterSE"
"87 89","G-20",56.9970291891892,190.442684054054,184.916272522523,16103,87,89,7,3,64.1923101083316,42,131.2843642,42,"7_3",7.03,147,16102,89,87,56.975556,-169.654695,462,847316000,129133,462,492,493,547,464,446,"G-20","MiddleNW"
"87 99","H-23",57.3341627027027,188.540370540541,193.409703453458,17923,87,99,7,12,97.8001958805358,41,131.0628849,41,"7_12",7.12,179,17922,99,87,57.369017,-171.405508,409,1344260000,147070,409,464,465,499,436,418,"H-23","MiddleNW"
"88 104","I-24",57.6688305405405,187.830790540541,194.508239489483,18834,88,104,7,13,111.940420792307,61,130.8901927,61,"7_13",7.13,209,18833,104,88,57.652868,-172.22437,374,1384210000,149425,374,433,434,454,407,390,"I-24","OuterNW"
"88 71","E-03",56.3342781081081,193.585990810811,173.704673423426,12828,88,71,6,22,107.023010576664,50,131.6294396,50,"6_22",6.22,86,12827,71,88,56.304225,-166.510902,534,1388320000,149225,534,531,532,617,514,496,"E-03","MiddleSE"
"88 96","H-22",57.3411348648649,189.144561081081,189.408370870873,17378,88,96,7,8,77.7665303392128,42,131.0724802,42,"7_8",7.08,178,17377,96,88,57.348412,-170.804612,417,1138700000,137557,417,463,464,500,437,419,"H-22","MiddleNW"
"89 101","I-23",57.6697656756757,188.468311621622,192.522560060053,18289,89,101,7,11,101.419256929817,41,130.8998443,41,"7_11",7.11,208,18288,101,89,57.635832,-171.618779,381,1337650000,146671,381,432,433,455,408,391,"I-23","MiddleNW"
"89 111","J-26",57.9985489189189,186.52468,198.929410660665,20109,89,111,7,17,294.965162085747,61,130.6709155,61,"7_17",7.17,240,20108,111,89,58.003231,-173.417237,340,1430640000,151699,340,403,404,416,377,361,"J-26","OuterNW"
"89 130","L-31",58.6743877777778,183.153688055556,207.569695216051,23567,89,130,7,26,1224.44873203311,61,130.2455815,61,"7_26",7.26,291,23566,130,89,58.635292,-176.923328,275,1348390000,148306,275,348,349,355,316,301,"L-31","OuterNW"
"89 56","C-07",55.6803564864865,195.995530540541,165.299605855847,10099,89,56,6,14,92.9905801969707,31,131.9040339,31,"6_14",6.14,49,10098,56,89,55.70468,-163.957663,572,1400860000,149103,572,569,570,651,548,530,"C-07","MiddleSE"
"89 63","D-05",56.0000197297297,194.820856756757,169.932301051056,11373,89,63,6,18,95.4001556231416,31,131.7583597,31,"6_18",6.18,71,11372,63,89,56.033587,-165.101408,554,1436430000,151608,554,554,555,637,534,516,"D-05","MiddleSE"
"89 78","F-01",56.6699335135135,192.331445135135,178.936204954957,14103,89,78,6,27,97.4733878789879,31,131.4276129,31,"6_27",6.27,105,14102,78,89,56.703845,-167.612559,505,1451580000,152746,505,511,512,594,491,473,"F-01","MiddleSE"
"89 86","G-19",57.0005367567567,191.04202972973,183.746959459455,15559,89,86,7,2,77.8225836956087,32,131.2466197,32,"7_2",7.02,146,15558,86,89,57.041454,-168.984967,468,993199000,128616,468,491,492,550,465,447,"G-19","MiddleSE"
"89 93","H-21",57.3335618918919,189.770701891892,186.810041291293,16833,89,93,7,5,52.5896278777409,42,131.0859927,42,"7_5",7.05,177,16832,93,89,57.32519,-170.204371,428,805083000,128357,428,462,463,503,438,420,"H-21","MiddleNW"
"90 108","J-25",57.9986583783784,187.131395945946,197.231644144146,19564,90,108,7,16,114.878954234887,61,130.6782409,61,"7_16",7.16,239,19563,108,90,57.991391,-172.805792,346,1414650000,151360,346,402,403,417,378,362,"J-25","OuterNW"
"90 127","L-30",58.6719883333333,183.792442222222,207.318152006163,23022,90,127,7,26,1130.27585008733,61,130.2416668,61,"7_26",7.26,290,23021,127,90,58.6387,-176.301413,281,1370680000,149132,281,347,348,356,317,302,"L-30","OuterNW"
"90 53","C-08",55.669495945946,196.598878918919,163.370795795798,9554,90,53,6,12,76.3373162724774,31,131.9275679,31,"6_12",6.12,50,9553,53,90,55.651676,-163.387408,574,1346910000,147425,574,570,571,652,549,531,"C-08","MiddleSE"
"90 60","D-06",56.0000116216216,195.415096486487,168.523798798812,10828,90,60,6,17,92.7046158272276,31,131.7785595,31,"6_17",6.17,72,10827,60,90,55.985547,-164.525226,558,1393610000,149342,558,557,558,638,535,517,"D-06","MiddleSE"
"90 68","E-04",56.3318544444444,194.1963125,172.419637345683,12284,90,68,6,21,91.3918437239188,31,131.6047454,31,"6_21",6.21,87,12283,68,90,56.354748,-165.847769,537,1363690000,147726,537,533,534,618,515,497,"E-04","MiddleSE"
"90 75","F-02",56.6670148648649,192.933810810811,177.170908408406,13558,90,75,6,26,94.7845660579029,31,131.4490768,31,"6_26",6.26,106,13557,75,90,56.666724,-167.024248,510,1357590000,147277,510,508,509,595,492,474,"F-02","MiddleSE"
"90 83","G-18",57.0003183783784,191.660452972973,182.590277777774,15014,90,83,7,1,81.5000415028736,32,131.2649391,32,"7_1",7.01,145,15013,83,90,57.010309,-168.390556,475,1177390000,143220,475,490,491,553,466,448,"G-18","MiddleSE"
"90 90","H-20",57.332277027027,190.395855945946,185.589771021016,16288,90,90,7,4,62.1469087489143,42,131.101364,42,"7_4",7.04,176,16287,90,90,57.299357,-169.604863,433,809856000,127895,433,461,462,506,439,421,"H-20","MiddleNW"
"91 105","J-24",57.9994645945946,187.756053243243,194.885716966957,19019,91,105,7,13,106.743873211778,41,130.6879376,41,"7_13",7.13,238,19018,105,91,57.976889,-172.194756,353,1431110000,151580,353,401,402,418,379,363,"J-24","OuterNW"
"91 116","K-27",58.3392759459459,185.70620972973,201.977008258254,21021,91,116,7,20,729.405268753842,61,130.4284037,61,"7_20",7.2,268,21020,116,91,58.371054,-174.19783,315,1345680000,147409,315,376,377,387,348,333,"K-27","OuterNW"
"91 134","M-32",59.0034354285714,182.417339428571,207.166904761905,24297,91,134,7,26,592.242997728706,61,130.0160263,61,"7_26",7.26,314,24296,134,91,58.952649,-177.559552,242,1429630000,152437,242,317,318,329,290,276,"M-32","OuterNW"
"91 58","D-07",55.999907027027,195.993038378378,165.393862612612,10465,91,58,6,14,90.4504654630512,31,131.7806503,31,"6_14",6.14,73,10464,58,91,55.982602,-164.113584,560,1418250000,150862,560,556,557,639,536,518,"D-07","MiddleSE"
"91 65","E-05",56.3377483783784,194.802217567568,170.01105480481,11739,91,65,6,19,87.639984631612,31,131.6259175,31,"6_19",6.19,88,11738,65,91,56.309958,-165.266243,540,1397620000,149443,540,535,536,619,516,498,"E-05","MiddleSE"
"91 72","F-03",56.6652391891892,193.565112702703,173.707845345347,13013,91,72,6,22,87.2618462264369,31,131.4683286,31,"6_22",6.22,107,13012,72,91,56.627049,-166.437041,514,1393410000,149204,514,509,510,596,493,475,"F-03","MiddleSE"
"91 80","G-01",57.002397027027,192.297087297297,178.258352102105,14469,91,80,6,27,78.930609535039,31,131.2833661,31,"6_27",6.27,130,14468,80,91,56.97658,-167.797097,480,1493750000,154447,480,489,490,554,467,449,"G-01","MiddleSE"
"91 98","I-22",57.669527027027,189.104042162162,189.789489489496,17745,91,98,7,8,83.6552932593167,42,130.8541967,42,"7_8",7.08,207,17744,98,91,57.711197,-170.941344,389,1116880000,136804,389,431,432,456,409,392,"I-22","MiddleNW"
"92 102","J-23",58.0010827027027,188.402148648649,192.00137012013,18474,92,102,7,11,97.1664442666765,41,130.6997374,41,"7_11",7.11,237,18473,102,92,57.959728,-171.58421,358,1376120000,148963,358,400,401,419,380,364,"J-23","MiddleNW"
"92 113","K-26",58.3268302702703,186.441045405405,199.039358108113,20476,92,113,7,18,247.080385122026,61,130.4337231,61,"7_18",7.18,267,20475,113,92,58.362609,-173.580396,320,1378120000,149086,320,375,376,388,349,334,"K-26","OuterNW"
"92 123","L-29",58.6731467567568,184.449417297297,206.650882132128,22296,92,123,7,25,466.315267732445,61,130.1969545,61,"7_25",7.25,289,22295,123,92,58.703658,-175.429972,286,1.358e+09,148128,286,346,347,357,318,303,"L-29","OuterNW"
"92 131","M-31",58.9957652777778,183.045185555556,207.508391203698,23752,92,131,7,26,441.433146174011,61,130.0111945,61,"7_26",7.26,313,23751,131,92,58.958808,-176.932552,251,1393110000,150421,251,316,317,330,291,277,"M-31","OuterNW"
"92 50","C-09",55.6753437837838,197.17356972973,162.037781531539,9010,92,50,6,11,48.1225481805542,10,131.9094969,10,"6_11",6.11,51,9009,50,92,55.686787,-162.73153,576,1349720000,146758,576,567,568,653,550,532,"C-09","InnerSE"
"92 87","H-19",57.3333294594595,191.009208378378,183.806850600591,15744,92,87,7,2,71.0278777454189,42,131.0643473,42,"7_2",7.02,175,15743,87,92,57.364949,-168.929654,439,894328000,126841,439,460,461,509,440,422,"H-19","MiddleNW"
"92 95","I-21",57.6612005405405,189.726701081081,187.063832582582,17200,92,95,7,6,72.0699552341347,42,130.8695697,42,"7_6",7.06,206,17199,95,92,57.688578,-170.335547,399,844015000,127798,399,430,431,459,410,393,"I-21","MiddleNW"
"93 110","K-25",58.3339245945946,187.071519189189,195.717323573574,19931,93,110,7,14,112.532315785829,61,130.4400849,61,"7_14",7.14,266,19930,110,93,58.351478,-172.963273,326,1380480000,149100,326,374,375,389,350,335,"K-25","OuterNW"
"93 121","L-28",58.7169743243243,185.07407027027,205.637668918922,21933,93,121,7,24,389.361089129607,61,130.175289,61,"7_24",7.24,288,21932,121,93,58.734139,-174.993182,292,1.346e+09,147707,292,345,346,358,319,304,"L-28","OuterNW"
"93 128","M-30",59.0002083333333,183.681569444444,207.324594907404,23207,93,128,7,26,351.850829742543,61,130.0075836,61,"7_26",7.26,312,23206,128,93,58.962241,-176.305394,259,1416970000,151625,259,315,316,331,292,278,"M-30","OuterNW"
"93 55","D-08",56.0030413513513,196.605029459459,163.510060060061,9921,93,55,6,12,88.3013235959619,31,131.7647624,31,"6_12",6.12,74,9920,55,93,56.021287,-163.453104,562,1391640000,148826,562,555,556,640,537,519,"D-08","MiddleSE"
"93 62","E-06",56.3346962162162,195.415176486486,168.848179429433,11195,93,62,6,17,85.6016691747997,31,131.6039865,31,"6_17",6.17,89,11194,62,93,56.35432,-164.601636,543,1349970000,147106,543,538,539,620,517,499,"E-06","MiddleSE"
"93 69","F-04",56.6627959459459,194.15545,172.302289789791,12469,93,69,6,21,78.0444182642608,31,131.443253,31,"6_21",6.21,108,12468,69,93,56.677162,-165.768586,517,1354480000,147392,517,512,513,597,494,476,"F-04","MiddleSE"
"93 77","G-02",56.9980045945946,192.908080540541,177.160116366366,13925,93,77,6,26,73.8866315250921,31,131.2520371,31,"6_26",6.26,131,13924,77,93,57.033347,-167.124613,486,1396470000,149703,486,482,483,555,468,450,"G-02","MiddleSE"
"93 84","H-18",57.3341889189189,191.627871081081,182.551013513519,15199,93,84,7,1,75.0040028271126,32,131.0829804,32,"7_1",7.01,174,15198,84,93,57.333576,-168.330502,447,1182250000,141540,447,459,460,512,441,423,"H-18","MiddleSE"
"93 92","I-20",57.6663627027027,190.347157027027,185.611317567559,16655,93,92,7,4,70.072268198442,42,130.8854136,42,"7_4",7.04,205,16654,92,93,57.663325,-169.730479,406,823053000,126807,406,429,430,462,411,394,"I-20","MiddleNW"
"94 107","K-24",58.3358135135135,187.703383783784,193.616253753746,19386,94,107,7,12,106.193120954348,61,130.4502794,61,"7_12",7.12,265,19385,107,94,58.337663,-172.346543,332,1378280000,149082,332,373,374,390,351,336,"K-24","OuterNW"
"94 117","L-27",58.6705975675676,185.721752162162,202.347240990987,21206,94,117,7,21,347.008072718193,61,130.2028112,61,"7_21",7.21,287,21205,117,94,58.694768,-174.184176,296,1352010000,147751,296,344,345,359,320,305,"L-27","OuterNW"
"94 125","M-29",58.9994667567568,184.268217567568,206.401051051043,22662,94,125,7,25,289.433628767691,61,130.0095129,61,"7_25",7.25,311,22661,125,94,58.962948,-175.678169,266,1400620000,150764,266,314,315,332,293,279,"M-29","OuterNW"
"94 52","D-09",56.0008764864865,197.184101621622,162.046715465466,9376,94,52,6,11,78.7128705866298,31,131.7881519,31,"6_11",6.11,75,9375,52,94,55.966127,-162.879184,563,1388570000,149302,563,551,552,641,538,520,"D-09","MiddleSE"
"94 59","E-07",56.3380372972973,196.00337972973,165.945176426428,10650,94,59,6,14,86.5627810335951,31,131.6282444,31,"6_14",6.14,90,10649,59,94,56.30414,-164.021588,546,1384680000,148606,546,539,540,621,518,500,"E-07","MiddleSE"
"94 66","F-05",56.6691513513514,194.786757027027,169.884459459462,11924,94,66,6,18,76.1181965064671,31,131.4667645,31,"6_18",6.18,109,11923,66,94,56.632048,-165.18257,521,1395950000,149469,521,514,515,598,495,477,"F-05","MiddleSE"
"94 74","G-03",57.0005364864865,193.538412432432,173.877796546547,13380,94,74,6,22,73.3172350935522,31,131.2735399,31,"6_22",6.22,132,13379,74,94,56.994127,-166.531996,491,1430110000,151474,491,483,484,556,469,451,"G-03","MiddleSE"
"94 81","H-01",57.3332737837838,192.26355027027,177.982976726725,14654,94,81,6,26,72.5084008868018,31,131.1020953,31,"6_26",6.26,158,14653,81,94,57.299601,-167.732324,452,1434770000,151792,452,458,459,513,442,424,"H-01","MiddleSE"
"94 89","I-19",57.6665591891892,190.964630810811,183.461204954955,16110,94,89,7,2,67.9931024262288,42,130.9009489,42,"7_2",7.02,204,16109,89,94,57.635442,-169.126218,411,850981000,126287,411,428,429,465,412,395,"I-19","MiddleNW"
"94 99","J-22",57.9987597297297,189.032461621622,189.657676426433,17930,94,99,7,8,84.5415771162158,42,130.651418,42,"7_8",7.08,236,17929,99,94,58.034849,-170.901143,364,1293390000,143382,364,399,400,420,381,365,"J-22","MiddleNW"
"95 104","K-23",58.334095945946,188.355025945946,191.196189939941,18841,95,104,7,10,95.5825488670204,41,130.4615995,41,"7_10",7.1,264,18840,104,95,58.321165,-171.730292,337,1355050000,147578,337,372,373,391,352,337,"K-23","MiddleNW"
"95 114","L-26",58.6685235135135,186.365527297297,199.583201951951,20661,95,114,7,18,142.990008260431,61,130.2077095,61,"7_18",7.18,286,20660,114,95,58.68626,-173.56158,301,1367410000,148692,301,343,344,360,321,306,"L-26","OuterNW"
"95 122","M-28",59.0035891891892,184.996454324324,204.833933933931,22117,95,122,7,23,191.768644202878,61,130.0096143,61,"7_23",7.23,310,22116,122,95,58.960929,-175.050966,272,1391500000,149781,272,313,314,333,294,280,"M-28","OuterNW"
"95 133","N-31",59.3353008333333,182.937707777778,207.505613425928,24119,95,133,7,26,185.322929114212,61,129.7458737,61,"7_26",7.26,335,24118,133,95,59.312744,-177.132759,227,1354030000,148318,227,291,292,302,267,254,"N-31","OuterNW"
"95 96","J-21",57.9999802702703,189.664099189189,187.184496996993,17385,95,96,7,6,74.7575111961569,42,130.6662458,42,"7_6",7.06,235,17384,96,95,58.012064,-170.290399,369,1190310000,142386,369,398,399,421,382,366,"J-21","MiddleNW"
"96 101","K-22",58.3351464864865,188.97838,189.332620120123,18296,96,101,7,8,90.4442571711702,41,130.4743282,41,"7_8",7.08,263,18295,101,96,58.301989,-171.114604,344,1344360000,147166,344,371,372,392,353,338,"K-22","MiddleNW"
"96 111","L-25",58.6658218918919,187.004397297297,195.457601351352,20116,96,111,7,14,108.888476882269,61,130.2167299,61,"7_14",7.14,285,20115,111,96,58.675046,-172.939301,307,1374470000,148829,307,342,343,361,322,307,"L-25","OuterNW"
"96 130","N-30",59.3363516666667,183.610758888889,207.297858796286,23574,96,130,7,26,144.420383324236,61,129.7422962,61,"7_26",7.26,334,23573,130,96,59.31703,-176.499772,236,1366960000,148912,236,290,291,303,268,255,"N-30","OuterNW"
"96 49","D-10",56.0052889189189,197.755494864865,160.971189939933,8832,96,49,6,9,54.4049911922981,31,131.7741787,31,"6_9",6.09,76,8831,49,96,55.998678,-162.217958,565,1395870000,149963,565,547,548,642,539,521,"D-10","MiddleSE"
"96 56","E-08",56.3297308108108,196.593697567568,163.784778528526,10106,96,56,6,12,85.3069430795801,31,131.6113843,31,"6_12",6.12,91,10105,56,96,56.342331,-163.355878,548,1327190000,146224,548,536,537,622,519,501,"E-08","MiddleSE"
"96 63","F-06",56.671894054054,195.402711081081,168.760923423427,11380,96,63,6,17,73.7635701719872,31,131.4427649,31,"6_17",6.17,110,11379,63,96,56.675954,-164.512641,524,1351970000,147078,524,516,517,599,496,478,"F-06","MiddleSE"
"96 71","G-04",56.9966518918919,194.15173972973,172.602590090089,12836,96,71,6,21,71.2877927997837,31,131.2450085,31,"6_21",6.21,133,12835,71,96,57.044654,-165.857596,495,1404390000,149926,495,484,485,557,470,452,"G-04","MiddleSE"
"96 78","H-02",57.33168,192.879776486486,177.256268768776,14110,96,78,6,26,68.7535099985101,31,131.067971,31,"6_26",6.26,159,14109,78,96,57.355995,-167.054342,459,1360280000,147482,459,453,454,514,443,425,"H-02","MiddleSE"
"96 86","I-18",57.6679745945946,191.598548648649,182.217755255258,15566,96,86,7,1,67.8995240752286,42,130.8636829,42,"7_1",7.01,203,15565,86,96,57.698622,-168.444551,418,1194320000,140278,418,427,428,468,413,396,"I-18","MiddleNW"
"96 93","J-20",57.9996478378378,190.298806486486,185.644650900903,16840,96,93,7,4,70.3178275928946,42,130.6811495,42,"7_4",7.04,234,16839,93,96,57.986624,-169.680401,375,1137780000,139791,375,397,398,422,383,367,"J-20","MiddleNW"
"97 108","L-24",58.66953,187.63055945946,193.386411411405,19571,97,108,7,12,99.2867819538684,41,130.2271819,41,"7_12",7.12,284,19570,108,97,58.661127,-172.317427,313,1380460000,148892,313,341,342,362,323,308,"L-24","OuterNW"
"97 119","M-27",59.0055348648649,185.627763783784,202.546790540539,21573,97,119,7,21,161.163910469575,61,129.9424114,61,"7_21",7.21,309,21572,119,97,59.052549,-174.357453,279,1389120000,149647,279,312,313,334,295,281,"M-27","OuterNW"
"97 127","N-29",59.33148,184.243916216216,206.14838588587,23029,97,127,7,25,138.594993639561,61,129.7391885,61,"7_25",7.25,333,23028,127,97,59.318568,-175.866688,243,1361610000,148714,243,289,290,304,269,256,"N-29","OuterNW"
"97 53","E-09",56.335607027027,197.203742162162,162.126332582579,9561,97,53,6,11,78.9944576945392,31,131.637901,31,"6_11",6.11,92,9560,53,97,56.286777,-162.777631,550,1369680000,147540,550,534,535,623,520,502,"E-09","MiddleSE"
"97 61","F-07",56.664574054054,196.00116,165.994894894903,11017,97,61,6,14,74.7620139933918,31,131.4455833,31,"6_14",6.14,111,11016,61,97,56.672964,-164.094053,529,1377100000,148727,529,515,516,600,497,479,"F-07","MiddleSE"
"97 68","G-05",57.0026597297297,194.780013783784,169.870608108118,12291,97,68,6,18,69.7862623891827,31,131.2705107,31,"6_18",6.18,134,12290,68,97,56.999949,-165.266165,498,1446870000,151986,498,486,487,558,471,453,"G-05","MiddleSE"
"97 75","H-03",57.3337991891892,193.514940540541,173.95251501501,13565,97,75,6,22,69.3143417438615,31,131.0904346,31,"6_22",6.22,160,13564,75,97,57.316488,-166.457038,464,1392620000,149168,464,454,455,515,444,426,"H-03","MiddleSE"
"97 83","I-01",57.6694462162162,192.23635,178.235491741732,15021,97,83,6,27,68.86015518534,31,130.8836615,31,"6_27",6.27,187,15020,83,97,57.665159,-167.840787,424,1437810000,151680,424,426,427,469,414,397,"I-01","MiddleSE"
"97 90","J-19",57.9999151351351,190.930542162162,183.445326576573,16295,97,90,7,2,68.3285105134364,42,130.7001796,42,"7_2",7.02,233,16294,90,97,57.958535,-169.07123,379,1156030000,139260,379,396,397,423,384,368,"J-19","MiddleNW"
"98 105","L-23",58.6712345945946,188.281652162162,190.945045045039,19026,98,105,7,9,94.2659230628201,41,130.2385874,41,"7_9",7.09,283,19025,105,98,58.644507,-171.696043,318,1361700000,147911,318,340,341,363,324,309,"L-23","MiddleNW"
"98 116","M-26",58.9970908108108,186.284972432432,199.814527027019,21028,98,116,7,18,112.652457853098,61,129.9472272,61,"7_18",7.18,308,21027,116,98,59.04479,-173.728997,285,1420210000,151362,285,311,312,335,296,282,"M-26","OuterNW"
"98 123","N-28",59.33137,184.89654027027,204.715559309311,22302,98,123,7,23,130.271266421304,61,129.7672202,61,"7_23",7.23,332,22301,123,98,59.284153,-175.044352,250,1353400000,147738,250,288,289,305,270,257,"N-28","OuterNW"
"98 134","O-31",59.6723432432432,182.853475135135,207.197147147145,24304,98,134,7,26,161.115375567414,61,129.4902762,61,"7_26",7.26,353,24303,134,98,59.635587,-177.143945,204,1366840000,148841,204,265,266,267,244,232,"O-31","OuterNW"
"98 72","H-04",57.3324224324324,194.13262972973,172.495683183189,13020,98,72,6,21,69.7730699382474,31,131.1150284,31,"6_21",6.21,161,13019,72,98,57.274394,-165.860946,469,1374800000,148331,469,455,456,516,445,427,"H-04","MiddleSE"
"98 98","K-21",58.3333237837838,189.618284054054,186.79168543543,17752,98,98,7,5,74.5074750431885,41,130.4246318,41,"7_5",7.05,262,17751,98,98,58.374742,-170.424679,348,1420830000,150937,348,370,371,393,354,339,"K-21","MiddleNW"
"99 102","L-22",58.6648694594595,188.915916486487,189.519500750743,18481,99,102,7,8,83.5056195288695,41,130.2516005,41,"7_8",7.08,282,18480,102,99,58.625187,-171.075236,324,1344510000,147112,324,339,340,364,325,310,"L-22","MiddleNW"
"99 113","M-25",59.003072972973,186.919785675676,195.262424924924,20483,99,113,7,14,94.5179620677499,61,129.9561267,61,"7_14",7.14,307,20482,113,99,59.034301,-173.10084,289,1411940000,150724,289,310,311,336,297,283,"M-25","OuterNW"
"99 120","N-27",59.3307221621622,185.560385405405,202.043656156153,21757,99,120,7,21,119.561142730701,62,129.7697553,62,"7_21",7.21,331,21756,120,99,59.279373,-174.41193,256,1336610000,146963,256,287,288,306,271,258,"N-27","OuterNW"
"99 131","O-30",59.6691486486487,183.455111351351,207.010735735728,23759,99,131,7,26,140.279394346367,61,129.4863787,61,"7_26",7.26,352,23758,131,99,59.639905,-176.505528,212,1359640000,148476,212,264,265,268,245,233,"O-30","OuterNW"
"99 50","E-10",56.3385843243243,197.802786486487,160.903828828825,9017,99,50,6,9,77.3144247847725,31,131.6235614,31,"6_9",6.09,93,9016,50,99,56.318791,-162.111193,551,1359230000,148043,551,529,530,624,521,503,"E-10","MiddleSE"
"99 58","F-08",56.665352972973,196.616058378378,163.906006006014,10473,99,58,6,12,73.5366081786262,31,131.4246749,31,"6_12",6.12,112,10472,58,99,56.711471,-163.422399,531,1326850000,145443,531,513,514,601,498,480,"F-08","MiddleSE"
"99 65","G-06",57.0011137837838,195.390881081081,168.644181681674,11747,99,65,6,17,68.838679454642,31,131.2463317,31,"6_17",6.17,135,11746,65,99,57.044219,-164.590238,503,1380630000,148661,503,487,488,559,472,454,"G-06","MiddleSE"
"99 80","I-02",57.6638227027027,192.867508108108,177.629448198197,14477,99,80,6,26,67.4230396086753,31,130.8483702,31,"6_26",6.26,188,14476,80,99,57.722022,-167.156722,430,1360080000,147639,430,425,426,470,415,398,"I-02","MiddleSE"
"99 87","J-18",58.0022959459459,191.565573783784,182.031906906909,15751,99,87,7,1,70.4041268242142,42,130.6588317,42,"7_1",7.01,232,15750,87,99,58.021381,-168.383891,386,1331590000,148581,386,395,396,424,385,369,"J-18","MiddleNW"
"99 95","K-20",58.3368094594595,190.265047027027,185.252646396399,17207,99,95,7,4,68.2797792666325,41,130.4409893,41,"7_4",7.04,261,17206,95,99,58.349897,-169.808927,354,1377720000,148577,354,369,370,394,355,340,"K-20","MiddleNW"
